id,conversation_id,created_at,date,time,timezone,user_id,username,name,place,tweet,mentions,urls,photos,replies_count,retweets_count,likes_count,hashtags,cashtags,link,retweet,quote_url,video,near,geo,source,user_rt_id,user_rt,retweet_id,reply_to,retweet_date,translate,trans_src,trans_dest
1230235604962566144,1229880971698360320,1582145999000,2020-02-19,23:59:59,+03,2731914592,4reunitedstates,Prayingüôèfor a Re-United States of America,,"In Virginia, we‚Äôve had classrooms where 1/17 kids present & other classrooms with more than half the classes absent. They shutdown 2 other counties to disinfect schools for 2 days, but this isn‚Äôt unheard of during winter flu months when they have to run heat all the time inside.","['k_wuttt', 'allienwonderla1']",[],[],1,0,3,[],[],https://twitter.com/4ReUnitedStates/status/1230235604962566144,False,,0,,,,,,,"[{'user_id': '2731914592', 'username': '4ReUnitedStates'}, {'user_id': '1225620264035155969', 'username': 'k_wuttt'}, {'user_id': '1207076510433046528', 'username': 'allienwonderla1'}]",,,,
1230235603696062464,1230235603696062464,1582145999000,2020-02-19,23:59:59,+03,2360005931,jacob_vican22,#Runthedamnball,,Idk prolly any disease/virus that can be spread?? You should prolly be grateful  https://twitter.com/ochocinco/status/1230234603509575680¬†‚Ä¶,[],['https://twitter.com/ochocinco/status/1230234603509575680'],[],0,0,0,[],[],https://twitter.com/jacob_vican22/status/1230235603696062464,False,https://twitter.com/ochocinco/status/1230234603509575680,0,,,,,,,"[{'user_id': '2360005931', 'username': 'jacob_vican22'}]",,,,
1230235603519856644,1230235193732145158,1582145999000,2020-02-19,23:59:59,+03,122782280,olivesagan,MSG Defence Force,,‚Äúthis book that says vaccines are good is the exact same as this book that says vaccines cause autism‚Äù,[],[],[],0,1,16,[],[],https://twitter.com/olivesagan/status/1230235603519856644,False,,0,,,,,,,"[{'user_id': '122782280', 'username': 'olivesagan'}]",,,,
1230235601796059136,1230214427066224640,1582145998000,2020-02-19,23:59:58,+03,1007124011535470592,autng1,Autng,,So you think theyve successfully created a race specific virus? Are those they're throwing into vans expected victims? Trying to determine why they arent dead? Wow...,"['tracybeanz', 'magaglam']",[],[],0,0,0,[],[],https://twitter.com/Autng1/status/1230235601796059136,False,,0,,,,,,,"[{'user_id': '1007124011535470592', 'username': 'Autng1'}, {'user_id': '24822993', 'username': 'tracybeanz'}, {'user_id': '32686268', 'username': 'MagaGlam'}]",,,,
1230235599346356228,1230235599346356228,1582145998000,2020-02-19,23:59:58,+03,1146079403752873986,ahemyg,tunaüêü ‚Å∑,,"me, leaving my school work unfinished and denying all invitations to go out for the the next 72 hours cus we on a bts lockdown  pic.twitter.com/d7RgOecAb4",[],[],[],2,14,75,[],[],https://twitter.com/ahemyg/status/1230235599346356228,False,,1,,,,,,,"[{'user_id': '1146079403752873986', 'username': 'ahemyg'}]",,,,
1230235597488492544,1230235597488492544,1582145997000,2020-02-19,23:59:57,+03,40625668,mariawarsvarsi,Maria Warsinska,,Chinese film director #ChangKai and family die from coronavirus  https://www.theguardian.com/world/2020/feb/18/coronavirus-kills-chinese-film-director-family-wuhan-covid-19?CMP=Share_iOSApp_Other¬†‚Ä¶,[],['https://www.theguardian.com/world/2020/feb/18/coronavirus-kills-chinese-film-director-family-wuhan-covid-19?CMP=Share_iOSApp_Other'],[],0,0,0,['#changkai'],[],https://twitter.com/MariaWarsVarsi/status/1230235597488492544,False,,0,,,,,,,"[{'user_id': '40625668', 'username': 'MariaWarsVarsi'}]",,,,
1230235597043851264,1230232914018885633,1582145997000,2020-02-19,23:59:57,+03,1027955490297401344,demonghostshad1,HTL_ShadowYT,,So the coronavirus has started Bc we‚Äôre not taking care of are atmosphere and poking holes in it because of the way we treat golbel warning ‚ö†Ô∏è so the astmosphere is red Bc we had no snow as much as the rest of the years so we‚Äôre all gonna end up dieing to a,['iamjhymze'],[],[],0,0,0,[],[],https://twitter.com/DemonghostShad1/status/1230235597043851264,False,,0,,,,,,,"[{'user_id': '1027955490297401344', 'username': 'DemonghostShad1'}, {'user_id': '635743844', 'username': 'IamJhYmZe'}]",,,,
1230235591838720002,1230221338205253633,1582145996000,2020-02-19,23:59:56,+03,16601559,sailfree,Brooks A. Mick,,"Are there two viruses on the loose?  Coronavirus is one, as we have tests confirming it. But the variety identified is not carrying that high a mortality rate. Is another on the loose in Chiba?",['qtanon1'],[],[],0,0,0,[],[],https://twitter.com/SailFree/status/1230235591838720002,False,,0,,,,,,,"[{'user_id': '16601559', 'username': 'SailFree'}, {'user_id': '995775377275478016', 'username': 'QTAnon1'}]",,,,
1230235589011738628,1230235589011738628,1582145995000,2020-02-19,23:59:55,+03,1183363078546755584,iseeperiwinkle,·¥Ñ ú·¥á üs·¥á·¥Äüå∏,,"y'all are having romantic encounters and i'm just here, happy for each one of u while flu k¬°lls me",[],[],[],1,0,3,[],[],https://twitter.com/iseeperiwinkle/status/1230235589011738628,False,,0,,,,,,,"[{'user_id': '1183363078546755584', 'username': 'iseeperiwinkle'}]",,,,
1230235584687247361,1230235584687247361,1582145994000,2020-02-19,23:59:54,+03,891515306899910657,neysunm,Neysun Mahboubi,,"Still thinking about a point that @DrSidaLiu made at his excellent talk at Penn CSCC yesterday, about the decline in Chinese governance in recent years of ""‰ΩìÂà∂ÂÜÖÂÅ•Â∫∑ÂäõÈáè"" or ""healthy forces internal to the system"", and how the coronavirus crisis might help to reverse that trend.",['drsidaliu'],[],[],3,1,6,[],[],https://twitter.com/NeysunM/status/1230235584687247361,False,,0,,,,,,,"[{'user_id': '891515306899910657', 'username': 'NeysunM'}, {'user_id': '2604551610', 'username': 'DrSidaLiu'}]",,,,
1230235584532242433,1230234303763709954,1582145994000,2020-02-19,23:59:54,+03,235824957,kyliejustine,Kylie Justine,,I love my boss but only having two closers during flu season was... not one of her better ideas.,[],[],[],1,0,10,[],[],https://twitter.com/kyliejustine/status/1230235584532242433,False,,0,,,,,,,"[{'user_id': '235824957', 'username': 'kyliejustine'}]",,,,
1230235574746918912,1230234674213113856,1582145992000,2020-02-19,23:59:52,+03,1138592453735436289,eaglewa90656657,eaglewarrior,,im buying physical bullions of pet rocks. wheres a safe place to keep them in case of ww3 or black coronavirus death?,['qtrresearch'],[],[],1,0,0,[],[],https://twitter.com/eaglewa90656657/status/1230235574746918912,False,,0,,,,,,,"[{'user_id': '1138592453735436289', 'username': 'eaglewa90656657'}, {'user_id': '1469603575', 'username': 'QTRResearch'}]",,,,
1230235574478548995,1230233792977264642,1582145992000,2020-02-19,23:59:52,+03,765948504,biggishmouth,Biggish Mouth,,It is like nothing is his fault - sadly Mou virus comment not as ridiculous as it sounded at time - Pog very clever bout his involvement or lack of we all know he fully aware of Raiola antics y not officially ask for a transfer and waive his loyalty bonus but he won't #iwonderwhy,['erlcmufc'],[],[],1,0,1,['#iwonderwhy'],[],https://twitter.com/biggishmouth/status/1230235574478548995,False,,0,,,,,,,"[{'user_id': '765948504', 'username': 'biggishmouth'}, {'user_id': '2608382456', 'username': 'ERlCMUFC'}]",,,,
1230235574407090176,1230017728817221634,1582145992000,2020-02-19,23:59:52,+03,1242240500,muhammadgraza,Muhammad G. Raza,,Another Virus ü¶† #VirusUsa pic.twitter.com/tQ1OsINMzE,['zlj517'],[],['https://pbs.twimg.com/media/ERKsutnUcAAM9R8.jpg'],0,0,0,['#virususa'],[],https://twitter.com/MuhammadGRaza/status/1230235574407090176,False,,0,,,,,,,"[{'user_id': '1242240500', 'username': 'MuhammadGRaza'}, {'user_id': '141627220', 'username': 'zlj517'}]",,,,
1230235563653025794,1230235543340011530,1582145989000,2020-02-19,23:59:49,+03,855476713005907968,just_curius,Just Curious,,I don't have an opinion one way or the other about whether this virus entered humans via a market or lab accident or in nature. There is no information one way or the other. And that's my point. Bats are bats are bats. Animals are animals are animals.They can all have viruses.15/,[],[],[],1,0,0,[],[],https://twitter.com/Just_Curius/status/1230235563653025794,False,,0,,,,,,,"[{'user_id': '855476713005907968', 'username': 'Just_Curius'}]",,,,
1230235562403037186,1230235543340011530,1582145989000,2020-02-19,23:59:49,+03,855476713005907968,just_curius,Just Curious,,But it's also possible that this virus has a natural origin in wildlife AND reached humans via a lab accident. These are not mutually exclusive possibilities. 14/,[],[],[],1,0,2,[],[],https://twitter.com/Just_Curius/status/1230235562403037186,False,,0,,,,,,,"[{'user_id': '855476713005907968', 'username': 'Just_Curius'}]",,,,
1230235561698451457,1230147862060785666,1582145989000,2020-02-19,23:59:49,+03,753754407729324032,angela_semler,Angela Semler üá∫üá∏üôè‚ù§,,Please tell me it ain't the Corona flu. I'm praying for #justice.,['x22report'],[],[],0,0,0,['#justice'],[],https://twitter.com/angela_semler/status/1230235561698451457,False,,0,,,,,,,"[{'user_id': '753754407729324032', 'username': 'angela_semler'}, {'user_id': '2333707213', 'username': 'X22Report'}]",,,,
1230235560939261955,1230235543340011530,1582145989000,2020-02-19,23:59:49,+03,855476713005907968,just_curius,Just Curious,,"The idea that this virus ""does not have a natural origin"" is widely considered a conspiracy theory. Scientists have also widely concluded that the virus ""originated in wildlife."" 13/
 https://www.thelancet.com/journals/lancet/article/PIIS0140-6736(20)30418-9/fulltext¬†‚Ä¶",[],['https://www.thelancet.com/journals/lancet/article/PIIS0140-6736(20)30418-9/fulltext'],[],1,0,0,[],[],https://twitter.com/Just_Curius/status/1230235560939261955,False,,0,,,,,,,"[{'user_id': '855476713005907968', 'username': 'Just_Curius'}]",,,,
1230235559668436993,1230235559668436993,1582145988000,2020-02-19,23:59:48,+03,3079650095,ochukomarv,....,,Since coronavirus it‚Äôs been empty truss me  https://twitter.com/kvngtxmvr/status/1230228710344753169¬†‚Ä¶,[],['https://twitter.com/kvngtxmvr/status/1230228710344753169'],[],1,1,1,[],[],https://twitter.com/OchukoMarv/status/1230235559668436993,False,https://twitter.com/kvngtxmvr/status/1230228710344753169,0,,,,,,,"[{'user_id': '3079650095', 'username': 'OchukoMarv'}]",,,,
1230235559651676167,1230235543340011530,1582145988000,2020-02-19,23:59:48,+03,855476713005907968,just_curius,Just Curious,,"There have been a number of lab accidents in China, and around the world. It doesn't make logical sense to me to categorically dismiss this possibility for this outbreak. Accidents happen. We are all human. Recall that the 1977 Russian flu pandemic was probably a lab accident.12/",[],[],[],1,0,1,[],[],https://twitter.com/Just_Curius/status/1230235559651676167,False,,0,,,,,,,"[{'user_id': '855476713005907968', 'username': 'Just_Curius'}]",,,,
1230235559253200900,1230235559253200900,1582145988000,2020-02-19,23:59:48,+03,1113559572541788165,the__hokage,Crimson MinatoSlayz,,They say the Chinese restaurants are losing clients due to the virus . I wonder if Asian girls aren‚Äôt getting dicked down right now due to that also ? ü§îü•∫,[],[],[],1,0,10,[],[],https://twitter.com/The__Hokage/status/1230235559253200900,False,,0,,,,,,,"[{'user_id': '1113559572541788165', 'username': 'The__Hokage'}]",,,,
1230235559018344453,1230235559018344453,1582145988000,2020-02-19,23:59:48,+03,85906383,ict_magazine,ICT Magazine,,"Health officials say that this is a particularly bad year for an extended influenza season since flu symptoms and some of the symptoms of the novel coronavirus, COVID-19, are the same (fever, cough, shortness of breath).

 https://www.infectioncontroltoday.com/hai-types/cdc-seeks-test-some-flu-symptoms-covid-19¬†‚Ä¶",[],['https://www.infectioncontroltoday.com/hai-types/cdc-seeks-test-some-flu-symptoms-covid-19'],[],0,1,2,[],[],https://twitter.com/ICT_magazine/status/1230235559018344453,False,,0,,,,,,,"[{'user_id': '85906383', 'username': 'ICT_magazine'}]",,,,
1230235558376615936,1230235543340011530,1582145988000,2020-02-19,23:59:48,+03,855476713005907968,just_curius,Just Curious,,But that point of view does not invalidate the possibility that the animal involved was collected or used in a lab study and that the virus was therefore released in a lab accident. It's even possible that this virus was incidental to some lab activity and not its focus. 11/,[],[],[],1,0,0,[],[],https://twitter.com/Just_Curius/status/1230235558376615936,False,,0,,,,,,,"[{'user_id': '855476713005907968', 'username': 'Just_Curius'}]",,,,
1230235557822894083,1230235557822894083,1582145988000,2020-02-19,23:59:48,+03,80748336,mshaw555,"Mike Shaw, but ""COVID-19"" themed",,Don't need to topple the Iranian regime if you let the coronavirus do it for you.  https://twitter.com/BNODesk/status/1230233978692657152¬†‚Ä¶ pic.twitter.com/nMLC9OUG3z,[],['https://twitter.com/BNODesk/status/1230233978692657152'],[],0,1,0,[],[],https://twitter.com/mshaw555/status/1230235557822894083,False,,1,,,,,,,"[{'user_id': '80748336', 'username': 'mshaw555'}]",,,,
1230235557034446848,1230235543340011530,1582145988000,2020-02-19,23:59:48,+03,855476713005907968,just_curius,Just Curious,,I understand that many view the chance that this virus was passaged in a lab animal to be very small. That could well be. 10/,[],[],[],1,0,0,[],[],https://twitter.com/Just_Curius/status/1230235557034446848,False,,0,,,,,,,"[{'user_id': '855476713005907968', 'username': 'Just_Curius'}]",,,,
1230235552458399745,1230235543340011530,1582145987000,2020-02-19,23:59:47,+03,855476713005907968,just_curius,Just Curious,,"Bats and other animals have coronaviruses. Some of them are sold at markets, and some of them are collected for or used in research. We also know that bat coronaviruses have been studied at the Wuhan Institute of Virology (at BSL2). 7/",[],[],[],1,0,1,[],[],https://twitter.com/Just_Curius/status/1230235552458399745,False,,0,,,,,,,"[{'user_id': '855476713005907968', 'username': 'Just_Curius'}]",,,,
1230235550914957313,1230235543340011530,1582145986000,2020-02-19,23:59:46,+03,855476713005907968,just_curius,Just Curious,,"From this point on is where I do have some thoughts that differ with those of others. We all agree that this virus came from a bat or other animal. The way I see it, we cannot a priori know whether this animal was handled for sale or for research or just by accident in nature. 6/",[],[],[],1,0,1,[],[],https://twitter.com/Just_Curius/status/1230235550914957313,False,,0,,,,,,,"[{'user_id': '855476713005907968', 'username': 'Just_Curius'}]",,,,
1230235546829688832,1230235543340011530,1582145985000,2020-02-19,23:59:45,+03,855476713005907968,just_curius,Just Curious,,"Whether the virus jumped directly from bats to humans or from bats to an intermediary host, at that point, it likely acquired adaptive mutations over the course of several animal-to-animal and/or hu-to-hu transmissions. From then on, it has been able to spread freely in humans.3/",[],[],[],1,0,2,[],[],https://twitter.com/Just_Curius/status/1230235546829688832,False,,0,,,,,,,"[{'user_id': '855476713005907968', 'username': 'Just_Curius'}]",,,,
1230235544971567104,1230235543340011530,1582145985000,2020-02-19,23:59:45,+03,855476713005907968,just_curius,Just Curious,,"It's clear that the virus evolved naturally, meaning in an animal, not through genetic engineering. A very close cousin was in a bat. So, it almost certainly either jumped directly from a bat into humans, or from a bat to an intermediary animal & from that animal into humans. 2/",[],[],[],1,0,2,[],[],https://twitter.com/Just_Curius/status/1230235544971567104,False,,0,,,,,,,"[{'user_id': '855476713005907968', 'username': 'Just_Curius'}]",,,,
1230235543340011530,1230235543340011530,1582145984000,2020-02-19,23:59:44,+03,855476713005907968,just_curius,Just Curious,,"One final set of comments on the topic of the origin of the current virus. I am not a virologist or epidemiologist, but a few thoughts are on my mind. I hesitate to say anything, for fear of being attacked here on twitter. But here goes: 1/",[],[],[],1,0,2,[],[],https://twitter.com/Just_Curius/status/1230235543340011530,False,,0,,,,,,,"[{'user_id': '855476713005907968', 'username': 'Just_Curius'}]",,,,
1230235542618542081,1230235542618542081,1582145984000,2020-02-19,23:59:44,+03,611654345,laurakahn1,Laura Kahn,,"#OneHealth Lets protect endangered species, not eat them. To Prevent Next Coronavirus, Stop the Wildlife Trade, Conservationists Say  https://nyti.ms/38KCTBC¬†",[],['https://nyti.ms/38KCTBC'],[],0,1,1,['#onehealth'],[],https://twitter.com/LauraKahn1/status/1230235542618542081,False,,0,,,,,,,"[{'user_id': '611654345', 'username': 'LauraKahn1'}]",,,,
1230235531587575810,1230223461420847104,1582145982000,2020-02-19,23:59:42,+03,1005085697018138624,nataliexdean,"Natalie E. Dean, PhD",,"For those following and curious, one modeling approach is to measure the fraction of airline passengers leaving the outbreak area who test positive for virus, and this is then used to infer the proportion infected in the area. Assumes perfect screening.","['kakape', 'who']",[],[],1,3,6,[],[],https://twitter.com/nataliexdean/status/1230235531587575810,False,,0,,,,,,,"[{'user_id': '1005085697018138624', 'username': 'nataliexdean'}, {'user_id': '45586617', 'username': 'kakape'}, {'user_id': '14499829', 'username': 'WHO'}]",,,,
1230235520736911366,1230195854511951872,1582145979000,2020-02-19,23:59:39,+03,1276073011,zenxolu,Zenxolu üîû,,"Japan is currently trying to fend off the coronavirus. So them not going to PAX is possibly the smartest move they're doing to NOT CONTAMINATE MORE PEOPLE.

How simple can this answer be?",['gameinformer'],[],[],1,1,6,[],[],https://twitter.com/Zenxolu/status/1230235520736911366,False,,0,,,,,,,"[{'user_id': '1276073011', 'username': 'Zenxolu'}, {'user_id': '20273398', 'username': 'gameinformer'}]",,,,
1230235516798459904,1230235516798459904,1582145978000,2020-02-19,23:59:38,+03,1219290721833738241,asadkha65171630,Asad Khan,,"New infections detected as coronavirus epidemic keeps growing, 2 dead in Iran  http://sabahdai.ly/p8oqwh¬†",[],['http://sabahdai.ly/p8oqwh'],[],0,0,0,[],[],https://twitter.com/AsadKha65171630/status/1230235516798459904,False,,0,,,,,,,"[{'user_id': '1219290721833738241', 'username': 'AsadKha65171630'}]",,,,
1230235505465479170,1230235505465479170,1582145975000,2020-02-19,23:59:35,+03,19380916,anzers,Susie,,Coronavirus call to Governor Cuomo by Dr Paul Cottrell  https://youtu.be/tWJBeP8KITo¬† via @YouTube,['youtube'],['https://youtu.be/tWJBeP8KITo'],[],0,0,0,[],[],https://twitter.com/Anzers/status/1230235505465479170,False,,0,,,,,,,"[{'user_id': '19380916', 'username': 'Anzers'}, {'user_id': '10228272', 'username': 'YouTube'}]",,,,
1230235504324612099,1230235504324612099,1582145975000,2020-02-19,23:59:35,+03,896147813633064960,whitekipper,kipper white,,Five in Ten 2/19/20: China Kicks Out Reporters Who Question COVID-19 Res...  https://youtu.be/fDCrLpZHBfo¬† via @YouTube,['youtube'],['https://youtu.be/fDCrLpZHBfo'],[],0,0,0,[],[],https://twitter.com/WhiteKipper/status/1230235504324612099,False,,0,,,,,,,"[{'user_id': '896147813633064960', 'username': 'WhiteKipper'}, {'user_id': '10228272', 'username': 'YouTube'}]",,,,
1230235498901172224,1230235498901172224,1582145974000,2020-02-19,23:59:34,+03,2593213820,vegabond2020,Vegabond,,Covid-19: Please note..... First confirmed case of unknown transmission route found in South Korea  http://www.donga.com/en/home/article/all/20200217/1981177/1/First-confirmed-case-of-unknown-transmission-route-found-in-Korea¬†‚Ä¶,[],['http://www.donga.com/en/home/article/all/20200217/1981177/1/First-confirmed-case-of-unknown-transmission-route-found-in-Korea'],[],0,0,0,[],[],https://twitter.com/Vegabond2020/status/1230235498901172224,False,,0,,,,,,,"[{'user_id': '2593213820', 'username': 'Vegabond2020'}]",,,,
1230235498754519043,1230235498754519043,1582145974000,2020-02-19,23:59:34,+03,291271506,fezziwig2019,Fez,,"Fauci likes mRNA vaccines ‚ÄúTechnical advances in mRNA vaccines have led to improved intracellular stability and antigen expression, leading to robust and durable immune responses.‚Äù His New Article in Nature  https://www.nature.com/articles/s41577-019-0243-3¬†‚Ä¶ $MRNA",[],['https://www.nature.com/articles/s41577-019-0243-3'],[],0,0,1,[],['$mrna'],https://twitter.com/fezziwig2019/status/1230235498754519043,False,,0,,,,,,,"[{'user_id': '291271506', 'username': 'fezziwig2019'}]",,,,
1230235498280603648,1229070514469076992,1582145974000,2020-02-19,23:59:34,+03,1114844012765118465,iam30610497,"Doesn't matter, it really doesn't",,2019-nCov was reported to bound to the ACE2 receptor just like previous coronaviruses. Quote:,"['tpuldi', 'prof_rev', 'tony_zy']",[],[],0,0,0,[],[],https://twitter.com/Iam30610497/status/1230235498280603648,False,,0,,,,,,,"[{'user_id': '1114844012765118465', 'username': 'Iam30610497'}, {'user_id': '2335680458', 'username': 'TPUldi'}, {'user_id': '1056270069641236481', 'username': 'prof_rev'}, {'user_id': '375133806', 'username': 'tony_zy'}]",,,,
1230235495449317376,1230235495449317376,1582145973000,2020-02-19,23:59:33,+03,21328656,ibdinvestors,Investors.com,,"Coronavirus Numbers Slow, The Stock Market Responds And Breakouts Continue $ISRG $SQ $COUP https://www.pscp.tv/w/cR2ZNTFkclFla1dEZU5namJ8MVprSnpMYWVtWXJLdg6gkyBO37PMnaTaPJbGiepe0YP9YdZNztqFYY_ZLwMv¬†‚Ä¶",[],['https://www.pscp.tv/w/cR2ZNTFkclFla1dEZU5namJ8MVprSnpMYWVtWXJLdg6gkyBO37PMnaTaPJbGiepe0YP9YdZNztqFYY_ZLwMv'],[],2,5,10,[],"['$isrg', '$sq', '$coup']",https://twitter.com/IBDinvestors/status/1230235495449317376,False,,0,,,,,,,"[{'user_id': '21328656', 'username': 'IBDinvestors'}]",,,,
1230235493129809920,1230199985678868480,1582145972000,2020-02-19,23:59:32,+03,3260011064,birdstrump,Trump bird,,this is covid19 Ôºånot sars,"['tinpita_ikiru', 'mqmh2qk3ofxxllr']",[],[],0,0,0,[],[],https://twitter.com/birdstrump/status/1230235493129809920,False,,0,,,,,,,"[{'user_id': '3260011064', 'username': 'birdstrump'}, {'user_id': '3266660306', 'username': 'TinPita_ikiru'}, {'user_id': '1163410388194488321', 'username': 'MqmH2qk3OfxXlLr'}]",,,,
1230235490374373381,1230235490374373381,1582145972000,2020-02-19,23:59:32,+03,265051518,lowcostenergi,Adam F. Khan,,The Coronavirus Impact on the Global Economy | Guggenheim Investments  https://www.guggenheiminvestments.com/perspectives/global-cio-outlook/coronavirus-impact-on-the-global-economy¬†‚Ä¶,[],['https://www.guggenheiminvestments.com/perspectives/global-cio-outlook/coronavirus-impact-on-the-global-economy'],[],0,0,0,[],[],https://twitter.com/lowcostenergi/status/1230235490374373381,False,,0,,,,,,,"[{'user_id': '265051518', 'username': 'lowcostenergi'}]",,,,
1230235484032466954,1230235484032466954,1582145970000,2020-02-19,23:59:30,+03,800140340120330240,sevenflamingos,7Flamingos,,"That‚Äôs odd...

#1MDB Fugitive Jho Low Was Active in Wuhan, Malaysia Police Say

‚ÄúI have told Kuala Lumpur International Airport to monitor if he comes back with Covid-19.‚Äù‚ÄîInspector-General of Police Abdul Hamid Bador, in Kuala Lumpur, on Wednesday   https://www.bloomberg.com/news/articles/2020-02-19/1mdb-fugitive-jho-low-was-active-in-wuhan-malaysia-police-say¬†‚Ä¶",[],['https://www.bloomberg.com/news/articles/2020-02-19/1mdb-fugitive-jho-low-was-active-in-wuhan-malaysia-police-say'],[],0,2,1,['#1mdb'],[],https://twitter.com/SevenFlamingos/status/1230235484032466954,False,,0,,,,,,,"[{'user_id': '800140340120330240', 'username': 'SevenFlamingos'}]",,,,
1230235482686025728,1230189096817037312,1582145970000,2020-02-19,23:59:30,+03,1216307401059495936,bmarkhali,Bijan Pouryousefi Markhali,,"I didn‚Äôt rule out the virus being originated from bats or any other animals. We are talking about something different. I haven‚Äôt heard senator Cotten saying this was a biological weapon program. He simply didn‚Äôt rule out the possibility of a lab accident, which considering the...","['snakedoctop', 'jareddiam']",[],[],1,0,0,[],[],https://twitter.com/BMarkhali/status/1230235482686025728,False,,0,,,,,,,"[{'user_id': '1216307401059495936', 'username': 'BMarkhali'}, {'user_id': '993941740552892416', 'username': 'SnakeDocTop'}, {'user_id': '1118590817373966337', 'username': 'JaredDiam'}]",,,,
1230235479242571781,1230235479242571781,1582145969000,2020-02-19,23:59:29,+03,553013336,spenlard,twiter banned my name,,guys please respond to my draw somethings on facebook i have the flu and i need this right now,[],[],[],0,0,0,[],[],https://twitter.com/Spenlard/status/1230235479242571781,False,,0,,,,,,,"[{'user_id': '553013336', 'username': 'Spenlard'}]",,,,
1230235473995542529,1230235473995542529,1582145968000,2020-02-19,23:59:28,+03,7587032,skynews,SkyNews,,Coronavirus: Britons on cruise ship in Japan face 14-day quarantine on the Wirral  http://news.sky.com/story/coronavirus-britons-on-cruise-ship-in-japan-face-14-day-quarantine-on-the-wirral-11938032¬†‚Ä¶,[],['http://news.sky.com/story/coronavirus-britons-on-cruise-ship-in-japan-face-14-day-quarantine-on-the-wirral-11938032'],[],19,25,50,[],[],https://twitter.com/SkyNews/status/1230235473995542529,False,,0,,,,,,,"[{'user_id': '7587032', 'username': 'SkyNews'}]",,,,
1230235471621611523,1230235471621611523,1582145967000,2020-02-19,23:59:27,+03,1175185353893982208,mel66899153,Mel,,"Was Charles Lieber Arrested for Connections to Coronavirus, Wuhan Lab?  https://www.snopes.com/fact-check/charles-lieber-arrested-coronavirus/¬†‚Ä¶ via @snopes",['snopes'],['https://www.snopes.com/fact-check/charles-lieber-arrested-coronavirus/'],[],0,0,0,[],[],https://twitter.com/Mel66899153/status/1230235471621611523,False,,0,,,,,,,"[{'user_id': '1175185353893982208', 'username': 'Mel66899153'}, {'user_id': '14294848', 'username': 'snopes'}]",,,,
1230235470665330694,1230235470665330694,1582145967000,2020-02-19,23:59:27,+03,1068525691233320960,jinxu51806239,jin xu,,Support for the Public Health Professionals of China Combatting COVID-19 - Sign the Petition!  http://chng.it/W8gZpzxh¬† via @Change,['change'],['http://chng.it/W8gZpzxh'],[],0,0,0,[],[],https://twitter.com/jinxu51806239/status/1230235470665330694,False,,0,,,,,,,"[{'user_id': '1068525691233320960', 'username': 'jinxu51806239'}, {'user_id': '15947602', 'username': 'Change'}]",,,,
1230235465548259328,1230235465548259328,1582145966000,2020-02-19,23:59:26,+03,1293051,aneel,Aneel ‚òïÔ∏è,,China‚Äôs technology giants are using health-rating apps to track moments during the coronavirus outbreak  https://www.wsj.com/articles/china-turns-to-health-rating-apps-to-control-movements-during-coronavirus-outbreak-11582046508¬†‚Ä¶ via @WSJ,['wsj'],['https://www.wsj.com/articles/china-turns-to-health-rating-apps-to-control-movements-during-coronavirus-outbreak-11582046508'],[],0,0,1,[],[],https://twitter.com/aneel/status/1230235465548259328,False,,0,,,,,,,"[{'user_id': '1293051', 'username': 'aneel'}, {'user_id': '3108351', 'username': 'WSJ'}]",,,,
1230235464629616642,1230235464629616642,1582145966000,2020-02-19,23:59:26,+03,3221009976,mfame_guru,viswa_mfame_guru,,Goods Stranded; Coronavirus Congestion Surcharge; Seaspan Fleet Expansion -  https://mailchi.mp/mfame/goods-stranded-coronavirus-congestion-surcharge-seaspan-fleet-expansion-jhf2xbb1tp¬†‚Ä¶,[],['https://mailchi.mp/mfame/goods-stranded-coronavirus-congestion-surcharge-seaspan-fleet-expansion-jhf2xbb1tp'],[],0,0,0,[],[],https://twitter.com/mfame_guru/status/1230235464629616642,False,,0,,,,,,,"[{'user_id': '3221009976', 'username': 'mfame_guru'}]",,,,
1230235463694372865,1230235463694372865,1582145965000,2020-02-19,23:59:25,+03,157431055,carribablue,peter alexander,,Coronavirus Fears Take Toll On Chinese Businesses Nationwide  https://www.forbes.com/sites/maneetahuja/2020/02/19/coronavirus-fears-take-toll-on-chinese-businesses-nationwide/¬†‚Ä¶ pic.twitter.com/ak9O3xYQzA,[],['https://www.forbes.com/sites/maneetahuja/2020/02/19/coronavirus-fears-take-toll-on-chinese-businesses-nationwide/'],['https://pbs.twimg.com/media/ERKsom4XYAATG-L.jpg'],0,0,0,[],[],https://twitter.com/carribablue/status/1230235463694372865,False,,0,,,,,,,"[{'user_id': '157431055', 'username': 'carribablue'}]",,,,
1230235457348194305,1230176362352332800,1582145964000,2020-02-19,23:59:24,+03,81292651,samslamdunkiam,Costco SAMple,,Amen. I'm so worried about my parents if the virus gets a foothold in America.,['irishzionist'],[],[],0,0,1,[],[],https://twitter.com/SamSlamDunkIAm/status/1230235457348194305,False,,0,,,,,,,"[{'user_id': '81292651', 'username': 'SamSlamDunkIAm'}, {'user_id': '823209014267965440', 'username': 'irishzionist'}]",,,,
1230235451845435395,1230235451845435395,1582145963000,2020-02-19,23:59:23,+03,865242169,theericerbshow,The Eric Erb Show Live,,New research reveals a way to stop Ebola virus from replicating ‚Äì  http://NaturalNews.com¬† https://www.naturalnews.com/2020-02-19-new-research-stopping-ebola-virus-from-replicating.html¬†‚Ä¶,[],"['http://NaturalNews.com', 'https://www.naturalnews.com/2020-02-19-new-research-stopping-ebola-virus-from-replicating.html']",[],0,0,0,[],[],https://twitter.com/TheEricErbShow/status/1230235451845435395,False,,0,,,,,,,"[{'user_id': '865242169', 'username': 'TheEricErbShow'}]",,,,
1230235449181995008,1230235449181995008,1582145962000,2020-02-19,23:59:22,+03,973561179246419968,sander_lab,Leif Erik Sander,,"Cryo-EM structure of the 2019-nCoV spike in the prefusion conformation
Jason McLellan & Co 
@NIAIDNews @UTAustin
@sciencemagazine
 https://bit.ly/3agE2lN¬† pic.twitter.com/Mek5I5cmoM","['niaidnews', 'utaustin', 'sciencemagazine']",['https://bit.ly/3agE2lN'],['https://pbs.twimg.com/media/ERKsnilW4AAgdrx.jpg'],0,0,4,[],[],https://twitter.com/Sander_Lab/status/1230235449181995008,False,,0,,,,,,,"[{'user_id': '973561179246419968', 'username': 'Sander_Lab'}, {'user_id': '59769395', 'username': 'NIAIDNews'}, {'user_id': '15637375', 'username': 'UTAustin'}, {'user_id': '32372834', 'username': 'ScienceMagazine'}]",,,,
1230235443632975872,1230235443632975872,1582145961000,2020-02-19,23:59:21,+03,124267704,darlene_edw,#Joe_Is-My-President,,Her pneumonia  https://twitter.com/AaronBlake/status/1230138686345482240¬†‚Ä¶,[],['https://twitter.com/AaronBlake/status/1230138686345482240'],[],0,0,0,[],[],https://twitter.com/Darlene_Edw/status/1230235443632975872,False,https://twitter.com/AaronBlake/status/1230138686345482240,0,,,,,,,"[{'user_id': '124267704', 'username': 'Darlene_Edw'}]",,,,
1230235437987291136,1230235437987291136,1582145959000,2020-02-19,23:59:19,+03,2676497004,alinikun,Alipio de Almeida,,China coronavirus outbreak: All the latest updates @AJENews https://aje.io/8j832¬†,['ajenews'],['https://aje.io/8j832'],[],0,0,0,[],[],https://twitter.com/alinikun/status/1230235437987291136,False,,0,,,,,,,"[{'user_id': '2676497004', 'username': 'alinikun'}, {'user_id': '18424289', 'username': 'AJENews'}]",,,,
1230235434006892544,1230235434006892544,1582145958000,2020-02-19,23:59:18,+03,54330658,kfm_kftc,Kung Fu Tai Chi,,We apologize to our subscribers for the fulfilment delay.  http://www.kungfumagazine.com/magazine/article.php?article=1535¬†‚Ä¶ #martialarts #kungfu #taichi #wushu #qigong #coronavavirus #SubscribeNow #COVID19  pic.twitter.com/gg0NPo0yZq,[],['http://www.kungfumagazine.com/magazine/article.php?article=1535'],['https://pbs.twimg.com/media/ERKsmscU8AA95JY.jpg'],0,0,0,"['#martialarts', '#kungfu', '#taichi', '#wushu', '#qigong', '#coronavavirus', '#subscribenow', '#covid19']",[],https://twitter.com/KFM_KFTC/status/1230235434006892544,False,,0,,,,,,,"[{'user_id': '54330658', 'username': 'KFM_KFTC'}]",,,,
1230235421390594049,1230235421390594049,1582145955000,2020-02-19,23:59:15,+03,1050706936809828352,csbnnews,csbnnews,,Fed Focused on Coronavirus Fallout at January¬†Meeting  https://csbnnews.com/fed-focused-on-coronavirus-fallout-at-january-meeting/¬†‚Ä¶ pic.twitter.com/lycYIHTGgV,[],['https://csbnnews.com/fed-focused-on-coronavirus-fallout-at-january-meeting/'],['https://pbs.twimg.com/media/ERKsmJfWAAIeA5k.jpg'],0,0,0,[],[],https://twitter.com/csbnnews/status/1230235421390594049,False,,0,,,,,,,"[{'user_id': '1050706936809828352', 'username': 'csbnnews'}]",,,,
1230235419759054848,1230181704503037953,1582145955000,2020-02-19,23:59:15,+03,1116793314806644736,xxxbjfrazier,BJ Frazier,,"i was wondering if the virus was going to effect things... i'm sure that makes you so sad to keep her!!  ;)

i posted this sneak peek a coupla days ago...  ;)  pic.twitter.com/MwcCmbMDnR","['chrissy_clarke', 'on_mck', 'author_mkelly', 'gavin2go', 'hlnida2', 'jenldee', 'kate_maupin', 'kgrose2', 'lexierenard', 'lisavm8', 'melodywingfield', 'notsoscarysheri', 'rhhouse', 'sjturner_author', 'studebaker_18', 'thewife101', 'witchgypsyrose', 'hablackwood7', 'wordsmith66', 'joanne_paulson', 'wlwo51', 'bambisommers1', 'kcjulius', 'juliekusma', 'd_ast777', 'astralwarriorvt', 'forgottenastro2', 'croftwriting', 'nikki_twisted', 'cummingsshawna']",[],['https://pbs.twimg.com/media/ERKslDpX0AEopVD.jpg'],1,0,3,[],[],https://twitter.com/xxxBJFrazier/status/1230235419759054848,False,,0,,,,,,,"[{'user_id': '1116793314806644736', 'username': 'xxxBJFrazier'}, {'user_id': '351638159', 'username': 'Chrissy_Clarke'}, {'user_id': '1167214273497587717', 'username': 'on_mck'}, {'user_id': '969664190100078592', 'username': 'author_mkelly'}, {'user_id': '3008436789', 'username': 'Gavin2Go'}, {'user_id': '1133411456635080704', 'username': 'HLNida2'}, {'user_id': '428580613', 'username': 'JenlDee'}, {'user_id': '2515468068', 'username': 'kate_maupin'}, {'user_id': '3107954710', 'username': 'kgrose2'}, {'user_id': '1962996336', 'username': 'LexieRenard'}, {'user_id': '799834747807604737', 'username': 'LisaVM8'}, {'user_id': '3407724232', 'username': 'melodywingfield'}, {'user_id': '948946691650215937', 'username': 'NotsoScarySheri'}, {'user_id': '17797558', 'username': 'rhhouse'}, {'user_id': '1031762357951889408', 'username': 'SJTurner_Author'}, {'user_id': '1057085125962412032', 'username': 'studebaker_18'}, {'user_id': '43557399', 'username': 'TheWife101'}, {'user_id': '263189543', 'username': 'witchgypsyrose'}, {'user_id': '1199109201647173633', 'username': 'HABlackwood7'}, {'user_id': '953449248732848128', 'username': 'Wordsmith66'}, {'user_id': '2492988530', 'username': 'joanne_paulson'}, {'user_id': '29840328', 'username': 'wlwo51'}, {'user_id': '984764853356294144', 'username': 'BambiSommers1'}, {'user_id': '107274900', 'username': 'kcjulius'}, {'user_id': '475412732', 'username': 'JulieKusma'}, {'user_id': '940813724193034240', 'username': 'd_ast777'}, {'user_id': '1113426030579023874', 'username': 'AstralWarriorVT'}, {'user_id': '1081996249572638720', 'username': 'ForgottenAstro2'}, {'user_id': '1156554417912602624', 'username': 'CroftWriting'}, {'user_id': '1178420936145539073', 'username': 'nikki_twisted'}, {'user_id': '778539176', 'username': 'CummingsShawna'}]",,,,
1230235415283716101,1230235415283716101,1582145954000,2020-02-19,23:59:14,+03,19546277,yahoofinance,Yahoo Finance,,"Highlight: @HennessyFunds PM Dave Ellison on China amid the coronavirus: ""Their culture is not our culture. Their government is not our government. And I think they're acting with a lot more command and control of the population, which is forcing these companies to shut down.""  pic.twitter.com/0iC7nlXvJW",['hennessyfunds'],[],[],1,10,10,[],[],https://twitter.com/YahooFinance/status/1230235415283716101,False,,1,,,,,,,"[{'user_id': '19546277', 'username': 'YahooFinance'}, {'user_id': '1161664719004086274', 'username': 'HennessyFunds'}]",,,,
